{"kl prior": 33.50702667236328, "Estimator loss terms": 35.82159423828125, "log_pn": -1.6094379425048828, "loss_term_0": -210.82553100585938, "X accuracy": 0.0, "val_nll": 281.7635803222656, "_timestamp": 1746736926.1974435, "val/epoch_NLL": 14830.779296875, "val/X_kl": 136.7976837158203, "val/E_kl": 3.1061689853668213, "val/X_logp": -0.40055960416793823, "val/E_logp": -12861.244140625, "train_loss/batch_CE": 2.441331386566162, "train_loss/X_CE": 0.07890480756759644, "train_loss/E_CE": 2.362426519393921, "train_loss/y_CE": -1, "_runtime": 50.200584411621094, "_step": 60, "train_epoch/x_CE": 1.617140769958496, "train_epoch/E_CE": 2.1346755027770996, "train_epoch/y_CE": -1, "_wandb": {"runtime": 49}}