{"kl prior": 33.50702667236328, "Estimator loss terms": 1.1498517990112305, "log_pn": -1.6094379425048828, "loss_term_0": -210.6248779296875, "X accuracy": 0.0, "val_nll": 246.8911895751953, "_timestamp": 1746736818.35551, "val/epoch_NLL": 15107.046875, "val/X_kl": 199.45294189453125, "val/E_kl": 3.1063597202301025, "val/X_logp": -0.2346068173646927, "val/E_logp": -13075.0244140625, "train_loss/batch_CE": 3.0072021484375, "train_loss/X_CE": 0.8310386538505554, "train_loss/E_CE": 2.1761634349823, "train_loss/y_CE": -1, "_runtime": 71.45390605926514, "_step": 90, "train_epoch/x_CE": 1.1520462036132812, "train_epoch/E_CE": 2.2221734523773193, "train_epoch/y_CE": -1, "_wandb": {"runtime": 70}}