{"kl prior": 33.50702667236328, "Estimator loss terms": 25.760072708129883, "log_pn": -1.6094379425048828, "loss_term_0": -209.97837829589844, "X accuracy": 0.0, "val_nll": 270.85491943359375, "_timestamp": 1746737547.631703, "val/epoch_NLL": 14883.791015625, "val/X_kl": 53.360633850097656, "val/E_kl": 3.1063029766082764, "val/X_logp": -0.4924840033054352, "val/E_logp": -12997.6005859375, "train_loss/batch_CE": 3.4369704723358154, "train_loss/X_CE": 1.2524101734161377, "train_loss/E_CE": 2.1845602989196777, "train_loss/y_CE": -1, "_runtime": 77.93766498565674, "_step": 90, "train_epoch/x_CE": 0.6220054626464844, "train_epoch/E_CE": 2.2167813777923584, "train_epoch/y_CE": -1, "_wandb": {"runtime": 77}}