{"kl prior": 33.50702667236328, "Estimator loss terms": 0.09694894403219223, "log_pn": -1.6094379425048828, "loss_term_0": -208.29481506347656, "X accuracy": 0.0, "val_nll": 243.5082244873047, "_timestamp": 1746736629.0523295, "val/epoch_NLL": 15010.9921875, "val/X_kl": 257.2930908203125, "val/E_kl": 3.1061882972717285, "val/X_logp": -0.5293669700622559, "val/E_logp": -12920.833984375, "train_loss/batch_CE": 3.9621810913085938, "train_loss/X_CE": 1.8510093688964844, "train_loss/E_CE": 2.1111717224121094, "train_loss/y_CE": -1, "_runtime": 76.64995861053467, "_step": 90, "train_epoch/x_CE": 0.43111974000930786, "train_epoch/E_CE": 2.236720561981201, "train_epoch/y_CE": -1, "_wandb": {"runtime": 79}}