{"kl prior": 33.50702667236328, "Estimator loss terms": 0.04875579848885536, "log_pn": -1.6094379425048828, "loss_term_0": -214.47911071777344, "X accuracy": 0.0, "val_nll": 249.6443328857422, "_timestamp": 1746736446.3755357, "val/epoch_NLL": 15235.0029296875, "val/X_kl": 90.66893768310547, "val/E_kl": 3.106397867202759, "val/X_logp": -0.20143768191337585, "val/E_logp": -13311.794921875, "train_loss/batch_CE": 4.023056983947754, "train_loss/X_CE": 1.8097602128982544, "train_loss/E_CE": 2.213296890258789, "train_loss/y_CE": -1, "_runtime": 77.36580276489258, "_step": 90, "train_epoch/x_CE": 1.6538772583007812, "train_epoch/E_CE": 2.239837646484375, "train_epoch/y_CE": -1, "_wandb": {"runtime": 76}}